market,symbol,korean_name,english_name,sector,price_krw,change_24h_pct,trade_value_24h_krw,rsi14,obv20_norm,obv_divergence,adx14,plus_di,minus_di,ma20,ma60,ma120,trend,market_warning,candle_days
KRW-USDT,USDT,테더,Tether,기타/신규·세부검토,1409.0,0.35612536,124206036267.62755,30.53911741272306,-0.24871056906586533,없음,53.906439331934116,9.068174946074276,36.06080279864285,1434.25,1477.4666666666667,1481.5333333333333,강한 하락,NONE,200
KRW-CAP,CAP,캡,Cap,기타/신규·세부검토,63.2,13.87387387,63070167731.77026,,,,,,,,,,중립/횡보,NONE,5
KRW-BTC,BTC,비트코인,Bitcoin,비트코인/PoW,91235000.0,0.11522002,42078357482.84402,41.98369973114439,-0.2742846673819514,없음,32.659724000050836,13.26506010582644,24.16289961097894,92275500.0,93877866.66666667,102542058.33333333,강한 하락,NONE,200
KRW-XRP,XRP,엑스알피(리플),XRP,결제/거래소/금융,1450.0,0.2073255,37595211531.3308,30.797575619734204,-0.6550695301266812,없음,28.263390568027955,11.546960208635145,30.92238666374644,1536.25,1623.7166666666667,1816.4833333333333,강한 하락,NONE,200
KRW-GRVT,GRVT,그래비티토큰,Grvt,기타/신규·세부검토,489.0,12.1559633,36146457115.55578,,,,,,,,,,중립/횡보,NONE,6
KRW-ETH,ETH,이더리움,Ethereum,스마트컨트랙트 L1,2672000.0,-0.37285608,28470321759.63076,46.286049434584754,-0.270840026265908,없음,12.530566759107009,19.0106850050922,17.192845090169687,2718600.0,2646916.6666666665,2917458.3333333335,중립/횡보,NONE,200
KRW-MMT,MMT,모멘텀,Momentum,기타/신규·세부검토,296.0,2.42214533,22939559270.684902,57.627894423875254,-0.03204889802814494,약세 다이버전스,48.013828976832045,41.273600524507685,8.906929615929164,265.1,250.2,220.475,강한 상승,NONE,200
KRW-WLD,WLD,월드코인,Worldcoin,AI,483.0,10.02277904,19241137301.021267,47.70126698912974,-0.18494511904097996,없음,28.905240683425955,21.445997452816155,22.29562459572186,468.3,620.25,541.1666666666666,강한 하락,NONE,200
KRW-META2,META2,메타다오,MetaDAO,기타/신규·세부검토,7485.0,5.795053,12145925645.13528,,,,,,,,,,중립/횡보,NONE,13
KRW-RE,RE,리,Re,기타/신규·세부검토,610.0,6.83012259,12119171649.230295,42.826748158289085,0.22243396004960803,없음,9.987874685717193,26.684114955063368,17.093046779020035,646.7,,,중립/횡보,NONE,53
KRW-ESP,ESP,에스프레소,Espresso,기타/신규·세부검토,107.0,7.000000000000001,11494500731.13936,54.473312296612434,0.18166642750159984,없음,44.80699328803372,38.27876678954007,9.421722830956126,101.39,101.29333333333334,101.98666666666666,강한 상승,NONE,168
KRW-QUID,QUID,스퀴드,Squid,기타/신규·세부검토,130.0,4.0,9245152459.7991,,,,,,,,,,중립/횡보,NONE,7
KRW-HOME,HOME,디파이앱,Defi App,기타/신규·세부검토,14.1,12.8,8817700544.911695,,,,,,,,,,중립/횡보,NONE,7
KRW-ONDO,ONDO,온도파이낸스,Ondo Finance,DeFi/DEX,491.0,0.40899796,8817490870.030863,39.20859074964361,-0.2784378033830137,없음,16.595403028504784,19.646612713521076,22.720206852416386,547.3,520.4333333333333,511.0083333333333,중립/횡보,NONE,200
KRW-EUL,EUL,오일러,Euler,기타/신규·세부검토,1728.0,4.28485214,8715050945.632372,19.598908753192475,,,,,,,,,중립/횡보,NONE,16
KRW-LA,LA,라그랑주,Lagrange,기타/신규·세부검토,77.8,2.91005291,8630209566.403187,48.36058393130731,0.10462468558763802,강세 다이버전스,37.509493436420904,33.2614700001362,14.316293523190485,79.78,90.59333333333333,140.78833333333333,강한 추세·혼조,NONE,200
KRW-SOL,SOL,솔라나,Solana,스마트컨트랙트 L1,107700.0,0.5602240900000001,8613615621.257994,49.01413449235347,-0.24271185893658195,없음,16.771272420496526,20.329129928784223,22.435395770942353,106870.0,110391.66666666667,116907.91666666667,중립/횡보,NONE,200
KRW-ZBT,ZBT,제로베이스,ZEROBASE,기타/신규·세부검토,147.0,1.37931034,7204646337.148084,45.93106049738902,-0.18036837607044565,약세 다이버전스,43.784145279671684,33.29609780074536,9.46561322140191,166.45,171.56666666666666,193.71666666666667,강한 추세·혼조,NONE,200
KRW-SLX,SLX,솔스티스,Solstice,기타/신규·세부검토,111.0,2.77777778,7173429925.893619,32.20955717201164,-0.4104585877360078,없음,19.901226202442057,22.15314353040588,29.19820991616812,130.95,288.26666666666665,,약한 하락,NONE,71
KRW-DOGE,DOGE,도지코인,Dogecoin,비트코인/PoW,98.4,0.9230769200000001,6501446224.828262,38.077466207735775,-0.2519171355855597,없음,38.41106467336281,11.539865372817589,22.01377123557236,101.12,110.85666666666665,130.07,강한 하락,NONE,200
KRW-XLM,XLM,스텔라루멘,Lumen,스마트컨트랙트 L1,229.0,0.43859649,6336761957.562303,31.37715769777651,-0.420274232956077,없음,21.665218479408047,14.450799567991911,26.34819988838922,246.35,276.26666666666665,267.3,약한 하락,NONE,200
KRW-CHIP,CHIP,유에스디에이아이,USD.AI,기타/신규·세부검토,32.6,6.535947709999999,4639598027.90749,34.18791960162599,-0.1212835476881813,없음,22.087792737250208,12.26016313237525,26.997155743677084,37.305,44.62166666666667,,약한 하락,NONE,112
KRW-KAITO,KAITO,카이토,KAITO,AI,960.0,-1.336074,4157280424.7497945,36.563208011783786,-0.20020649311487446,없음,37.08150283630774,17.82135533939116,27.007235908642638,1427.65,1087.3666666666666,885.2833333333333,강한 하락,NONE,200
KRW-BLEND,BLEND,플루언트,Fluent,기타/신규·세부검토,94.3,0,3938637460.9416165,50.22607707135966,0.5846843166099169,없음,45.371146545173936,30.05031769929724,10.498997837297196,94.53,93.05166666666668,,강한 상승,NONE,104
KRW-PENGU,PENGU,펏지펭귄,Pudgy Penguins,밈,9.37,3.5359116000000004,3919306174.751717,57.51189857962794,-0.03133327065127884,약세 다이버전스,16.811929117466512,23.89803593738218,13.14292518467984,8.7865,9.313666666666668,10.970666666666666,중립/횡보,NONE,200
KRW-BSB,BSB,블록스트리트,Block Street,기타/신규·세부검토,209.0,5.55555556,3903356327.3308454,,,,,,,,,,중립/횡보,NONE,4
KRW-SHIB,SHIB,시바이누,Shiba Inu,밈,0.00659,1.6975308599999999,3807711416.3150034,47.682078927331794,0.4103028704744551,없음,28.3261724254231,27.281367919018347,20.551623730639765,0.006751999999999999,0.006689833333333334,0.007658333333333334,강한 추세·혼조,NONE,200
KRW-PUMP,PUMP,펌프펀,Pump.fun,기타/신규·세부검토,3.81,1.32978723,3454298869.043902,70.78515462950219,0.28849759020333277,없음,34.98240657105515,35.91503484028588,10.964542557801446,3.077,2.5545,2.6070833333333336,강한 상승,NONE,200
KRW-ME,ME,매직에덴,Magic Eden,기타/신규·세부검토,94.7,8.10502283,3327588044.2430806,59.628900127227396,0.2453105262463253,없음,15.828640995490346,29.735612467852594,13.250596202814634,89.035,92.25166666666668,118.26166666666667,중립/횡보,NONE,200
KRW-SUI,SUI,수이,Sui,스마트컨트랙트 L1,978.0,1.34715026,3148377979.013168,40.03934955367863,-0.4076882754021525,없음,31.373615602133118,13.217894390811699,24.36743413003434,1000.5,1067.3666666666666,1248.9,강한 하락,NONE,200
KRW-ADA,ADA,에이다,Ada,스마트컨트랙트 L1,276.0,1.0989011,2794596783.7879405,59.683864431332296,0.14143043680641784,없음,24.304049121373424,25.203940996074696,12.753483773902369,256.95,249.78333333333333,301.9166666666667,약한 상승,NONE,200
KRW-BIO,BIO,바이오프로토콜,Bio Protocol,기타/신규·세부검토,38.6,7.82122905,2777950049.365242,57.16659645250885,0.4775966309645554,강세 다이버전스,16.899231523008257,28.14550445269156,15.035684768892962,35.125,41.22833333333333,47.4475,중립/횡보,NONE,200
KRW-PRL,PRL,펄,Perle,기타/신규·세부검토,418.0,8.29015544,2709411017.223532,70.1872160856253,0.6198305445910921,없음,58.29469774660988,27.94630725101873,5.423506632437612,335.55,277.95,,강한 상승,NONE,106
KRW-ENA,ENA,에테나,Ethena,DeFi/DEX,125.0,2.45901639,2391568199.4976115,50.466800105086925,-0.04090183680866216,없음,21.983452620722378,21.27861501807272,13.142138252571264,125.1,123.66666666666667,139.34166666666667,중립/횡보,NONE,200
KRW-0G,0G,제로지,0G,AI,218.0,5.31400966,2335099087.235288,40.962439012157425,-0.09184006575230222,없음,16.770821502827552,20.309975557260184,19.33230716962793,224.4,298.8833333333333,516.325,약한 하락,NONE,200
KRW-JTO,JTO,지토,Jito,DeFi/DEX,788.0,7.650273220000001,2238570370.2761927,48.7127996023471,-0.08511507260284414,없음,17.358384925054846,22.222211848424244,20.47826400534595,774.8,934.2833333333333,803.3583333333333,중립/횡보,NONE,200
KRW-LINK,LINK,체인링크,Chainlink,인프라/오라클/데이터,11710.0,1.6493055600000002,2214025628.608344,46.36550686788364,-0.3688619748968235,없음,7.6806803602367895,16.08801896663466,15.26760645021149,11944.5,11892.166666666666,12817.5,중립/횡보,NONE,200
KRW-MIRA,MIRA,미라네트워크,Mira Network,기타/신규·세부검토,59.8,2.22222222,2001395121.195584,46.139449516279235,0.23807084825310093,강세 다이버전스,26.04797003126805,25.158521392498272,12.022097716032436,61.125,66.29333333333334,91.84333333333333,강한 추세·혼조,NONE,200
KRW-SAHARA,SAHARA,사하라에이아이,Sahara AI,AI,12.0,2.56410256,2001146177.7201555,39.427464303270106,0.05835398348718368,강세 다이버전스,27.96298989613009,16.821620894627834,19.277765662139068,11.940000000000001,15.473333333333333,29.459999999999997,강한 하락,NONE,200
KRW-NEAR,NEAR,니어프로토콜,NEAR Protocol,스마트컨트랙트 L1,2326.0,3.5618878,1998773692.4567513,37.560903572782685,-0.2902359330564992,없음,21.397891036907033,15.380735164222724,27.128559945804366,2450.9,2814.116666666667,2710.1583333333333,약한 하락,NONE,200
KRW-VIRTUAL,VIRTUAL,버추얼프로토콜,Virtuals Protocol,AI,791.0,1.02171137,1979806881.3979719,41.9810634899896,-0.4076665700637545,없음,9.670572853879003,17.46637057845674,19.612851689354954,821.5,857.2166666666667,964.9583333333334,약한 하락,NONE,200
KRW-IOST,IOST,아이오에스티,IOST,기타/신규·세부검토,0.838,-1.41176471,1955530578.4813206,26.131970690221763,-0.8740432546134107,없음,37.55146685101973,25.985071657688188,21.731996662783306,0.8888999999999999,1.0241,1.2912166666666667,강한 추세·혼조,NONE,200
KRW-TT,TT,썬더코어,ThunderCore,기타/신규·세부검토,0.476,-2.0576131699999998,1820211097.5787652,13.749877570550566,-0.07638324269171066,없음,42.464615850512,10.744312483606205,27.49476646121581,0.7110000000000001,0.8848666666666667,1.0716916666666667,강한 하락,NONE,200
KRW-MOVE,MOVE,무브먼트,Movement,기타/신규·세부검토,9.86,1.336074,1757722102.1710775,20.158772377541467,-0.4564313475574261,없음,41.57952581817386,9.110483773063466,32.96117447113125,11.812999999999999,15.407666666666668,20.131333333333334,강한 하락,NONE,200
KRW-XEC,XEC,이캐시,eCash,기타/신규·세부검토,0.00959,0.62959077,1725982184.4070148,51.414430203981816,0.15558746038659965,강세 다이버전스,36.08426662966356,25.962036552719592,13.423693717674938,0.0095745,0.008920333333333334,0.009666166666666667,강한 상승,NONE,200
KRW-CARV,CARV,카브,CARV,게임/메타버스/NFT,43.9,-1.7897091699999998,1720455715.768912,50.221133878879016,0.4318723655255643,강세 다이버전스,18.557072512191024,29.465489995674496,15.748155422808194,41.739999999999995,50.13,65.295,중립/횡보,NONE,200
KRW-ARX,ARX,아르키움,Arcium,기타/신규·세부검토,184.0,2.79329609,1708835895.432799,31.354518113947208,0.03795818658767098,강세 다이버전스,19.98427560116716,14.542248131746868,25.72266128423895,219.4,,,중립/횡보,NONE,49
KRW-ALGO,ALGO,알고랜드,Algorand,스마트컨트랙트 L1,118.0,0.85470085,1685906746.1224954,43.585637450639965,-0.1435278425809235,없음,16.86565115594872,17.737607052328713,24.353030283067692,120.45,128.01666666666668,146.71666666666667,약한 하락,NONE,200
KRW-XPL,XPL,플라즈마,Plasma,기타/신규·세부검토,113.0,4.62962963,1670456897.5773249,45.810760554404354,0.14110260249751075,강세 다이버전스,20.294635076337162,15.592145670405504,17.733240643257382,113.35,131.71666666666667,135.94916666666666,약한 하락,NONE,200
KRW-SOON,SOON,쑨,SOON,기타/신규·세부검토,314.0,3.28947368,1664125079.279038,55.41430311545067,0.5007784042716081,없음,27.865207157812897,19.89037191824937,12.679504115840885,300.7,267.98333333333335,,강한 상승,NONE,116
KRW-CC,CC,캔톤,Canton,기타/신규·세부검토,138.0,-1.42857143,1660763920.2485952,27.05409056877626,-0.37938719839175195,없음,37.45542683207365,12.844034699857088,32.19703143837174,161.25,197.43333333333334,,강한 하락,NONE,118
KRW-UNI,UNI,유니스왑,Uniswap,DeFi/DEX,5625.0,0.26737968,1635810856.678106,52.59727333284971,0.07153116504662313,없음,24.494572922532303,22.259128016258956,16.30757099684237,5679.25,5072.55,4937.541666666667,중립/횡보,NONE,200
KRW-AXS,AXS,엑시인피니티,Axie Infinity,게임/메타버스/NFT,1300.0,2.92953286,1586776713.3659658,50.85457473446309,0.20796278361571516,강세 다이버전스,29.230070091141574,22.410942600993035,18.2535539615575,1246.25,1411.5833333333333,1599.5583333333334,강한 추세·혼조,NONE,200
KRW-ENSO,ENSO,엔소,Enso,기타/신규·세부검토,1408.0,3.3773862,1531811632.7229536,68.08691903866091,0.39165855491337004,없음,57.739897029046624,24.775752535904417,8.425958165464223,1268.4,1085.25,1148.6833333333334,강한 상승,NONE,200
KRW-ARB,ARB,아비트럼,Arbitrum,L2/확장성,112.0,2.75229358,1432519207.0602143,41.285309182657606,-0.08163253360656098,없음,23.138747199094997,13.953680227023526,23.124152609228908,115.8,121.98333333333333,146.30833333333334,약한 하락,NONE,200
KRW-BONK,BONK,봉크,Bonk,밈,0.00346,-0.85959885,1301665006.4803998,28.88247202314423,-0.1970311273860026,없음,17.470520879220107,25.80928147210149,16.588803774364635,0.0044755,0.005812833333333334,0.00734425,약한 하락,NONE,200
KRW-ERA,ERA,칼데라,Caldera,기타/신규·세부검토,95.7,-1.64439877,1299664659.6681054,41.79834864305422,0.13949830865290733,강세 다이버전스,23.523177900792692,25.990546041416604,15.540425409741335,106.05,119.96499999999999,156.7241666666667,약한 하락,NONE,200
KRW-TRX,TRX,트론,TRON,스마트컨트랙트 L1,466.0,0.43103448,1251270043.6412458,41.792471443991346,0.004656708871119696,강세 다이버전스,21.401294881656565,16.722627771115455,21.444080217337582,470.9,481.31666666666666,493.26666666666665,약한 하락,NONE,200
KRW-ETC,ETC,이더리움클래식,Ethereum Classic,비트코인/PoW,9165.0,1.3827433599999999,1239123635.7483678,34.95225484242194,-0.3472443312925148,없음,34.6818990138954,9.988760040792151,28.55732818178213,9541.75,10292.916666666666,11452.541666666666,강한 하락,NONE,200
KRW-MON,MON,모나드,Monad,기타/신규·세부검토,31.5,7.14285714,1237844520.05107,52.85334262492599,-0.13353132420639977,없음,15.59596810848213,20.855871776533508,12.090273073153275,30.360000000000003,31.5,36.693333333333335,중립/횡보,NONE,200
KRW-PLUME,PLUME,플룸,Plume,기타/신규·세부검토,16.9,1.19760479,1208114086.7338033,53.67978118126802,0.03295847327162782,없음,17.582373357237113,22.823178650184705,11.819680226156107,16.54,15.938333333333333,17.3125,약한 상승,NONE,200
KRW-USDC,USDC,유에스디코인,USD Coin,기타/신규·세부검토,1410.0,0.28449502,1170074633.0043426,29.961231837306585,-0.3282800468234334,없음,50.69822875847846,8.167307884307135,33.355223349681594,1434.65,1478.2,1481.925,강한 하락,NONE,200
KRW-IRYS,IRYS,아이리스,Irys,기타/신규·세부검토,21.9,0.4587156,1157233690.070337,52.28453467727224,0.48636506547081104,없음,31.544684986768193,21.18656487936604,13.202558195489058,20.925,22.026666666666664,,강한 추세·혼조,NONE,88
KRW-BIRB,BIRB,문버드,Moonbirds,기타/신규·세부검토,77.5,4.8714479,1146229576.2642157,47.66258835330369,0.34097956608354235,강세 다이버전스,30.447614184946683,32.6932922127387,15.075043335524436,76.44500000000001,92.07333333333332,137.82833333333335,강한 추세·혼조,NONE,189
KRW-TAO,TAO,비트텐서,Bittensor,AI,285900.0,0.70447341,1145615594.772756,49.91443299853541,-0.2520625407313193,없음,22.232162686121207,22.754056776859628,18.376813864154684,279285.0,309941.6666666667,348010.8333333333,중립/횡보,NONE,176
KRW-DATA,DATA,데이터네트워크,Data Network,기타/신규·세부검토,295.0,-0.33783784,1108039060.352961,18.454403841752864,-0.3877976467525125,없음,25.46981405479719,12.46796868901409,25.30668140039304,332.4,411.1333333333333,562.6916666666667,강한 하락,NONE,200
KRW-PIEVERSE,PIEVERSE,파이버스,Pieverse,기타/신규·세부검토,1101.0,-2.13333333,1084711723.7539406,56.7154093323797,0.4997387672283866,없음,43.36777301671987,32.58221989233183,9.670186150614146,1027.75,1026.4833333333333,,강한 상승,NONE,113
KRW-AVAX,AVAX,아발란체,Avalanche,스마트컨트랙트 L1,9215.0,2.21852468,1082856208.4903367,45.762285489984045,0.1111432314327,강세 다이버전스,20.050921422830474,18.200775358207835,23.13163320000435,9314.5,9680.25,11507.416666666666,약한 하락,NONE,200
KRW-AVNT,AVNT,아반티스,Avantis,기타/신규·세부검토,135.0,3.05343511,1015425137.5991646,58.83620893932823,0.07853004743918554,강세 다이버전스,23.088824056781156,21.930903527747184,15.889603693260947,123.9,140.28333333333333,174.7,중립/횡보,NONE,200
KRW-KERNEL,KERNEL,커널다오,KernelDAO,기타/신규·세부검토,51.8,1.56862745,1010255430.1269038,54.7917294763257,0.13596891492869376,없음,12.268868014636224,29.748784247880934,14.845924966130003,47.775,58.625,79.10249999999999,중립/횡보,NONE,200
KRW-DEEP,DEEP,딥북,DeepBook,기타/신규·세부검토,21.5,-1.37614679,996201619.2860055,39.84174578144215,0.009571574137978031,강세 다이버전스,22.002861697547473,22.226317754757307,17.79464060017441,23.375,25.016666666666666,34.31916666666667,약한 하락,NONE,200
KRW-BABY,BABY,바빌론,Babylon,기타/신규·세부검토,18.8,3.2967033,995675838.1562915,57.56852735347406,0.1365238157118087,없음,14.726071905359447,30.130357852617497,17.18774732375853,17.0,19.43166666666667,,중립/횡보,NONE,67
KRW-KMNO,KMNO,카미노파이낸스,Kamino Finance,기타/신규·세부검토,25.7,1.58102767,992402095.7403489,,,,,,,,,,중립/횡보,NONE,4
KRW-SKR,SKR,시커,Seeker,기타/신규·세부검토,11.0,-1.78571429,928623390.1124482,47.78161308920862,0.5396597369000063,강세 다이버전스,25.327560223539894,30.54417589149924,11.744601198771942,10.7715,12.357166666666666,17.16025,강한 추세·혼조,NONE,168
KRW-FF,FF,팔콘파이낸스,Falcon Finance,기타/신규·세부검토,89.2,0.45045045,893185553.3927876,44.74122275359013,0.224662153656672,없음,27.858183398343517,22.577962764070836,10.607582616108058,91.0,96.22833333333332,107.70916666666668,강한 추세·혼조,NONE,200
KRW-HBAR,HBAR,헤데라,Hedera,스마트컨트랙트 L1,96.2,-0.10384216,880995449.4902259,38.47996779975507,-0.36969049852509955,없음,15.055553147230095,16.607947012039098,22.408480482649537,99.71000000000001,106.55666666666666,119.40333333333334,약한 하락,NONE,200
KRW-OPEN,OPEN,오픈렛저,OpenLedger,기타/신규·세부검토,270.0,-6.896551720000001,878196961.941419,53.5033987508717,0.19264782893248328,없음,31.678112225920245,23.263978002904746,15.808748282243815,261.5,263.9166666666667,286.51666666666665,강한 상승,NONE,200
KRW-BCH,BCH,비트코인캐시,Bitcoin Cash,비트코인/PoW,302200.0,0.33200531,877121432.732041,40.15315518955114,-0.2338796286116364,없음,21.230419023037992,14.229562664599019,18.697896121026453,306005.0,318473.3333333333,442885.0,약한 하락,NONE,200
KRW-KITE,KITE,카이트,Kite,기타/신규·세부검토,147.0,5.75539568,835518135.4209968,45.849622630126426,-0.061895362036791246,없음,21.313948005421512,18.3887253879873,19.4840894443167,145.65,186.86666666666667,225.3,중립/횡보,NONE,200
KRW-STX,STX,스택스,Stacks,스마트컨트랙트 L1,186.0,1.6393442599999999,817294891.2943307,31.7724768341037,-0.5066398687047492,없음,52.20577188838472,6.317151903183893,27.28097909572273,200.55,240.18333333333334,291.475,강한 하락,NONE,200
KRW-RENDER,RENDER,렌더토큰,Render Token,인프라/오라클/데이터,1828.0,0,812424896.1356411,25.776105511837244,-0.5138923968426428,없음,44.90244693552648,6.52713588115796,32.08049776361926,1991.15,2255.016666666667,2515.641666666667,강한 하락,NONE,200
KRW-PEPE,PEPE,페페,Pepe,밈,0.00406,0.49504950000000003,800053399.1925701,50.29874936319588,0.13530790473260162,강세 다이버전스,15.62500482612324,22.367378678615275,15.496182807713149,0.0040535,0.004047833333333333,0.004742666666666667,약한 상승,NONE,200
KRW-AAVE,AAVE,에이브,Aave,DeFi/DEX,127900.0,0.39246467999999995,754159657.716688,43.30355632584499,-0.2377481023070001,없음,13.360803993221094,18.10551948996196,20.21332461568942,134475.0,130075.83333333333,130704.16666666667,중립/횡보,NONE,200
KRW-SEI,SEI,세이,Sei,스마트컨트랙트 L1,58.9,1.7271157200000002,753988446.0171404,32.807886209320515,-0.30980046723630866,없음,47.61883047000628,6.68520341600536,26.151316570116155,61.025,71.05,80.33333333333333,강한 하락,NONE,200
KRW-BSV,BSV,비트코인에스브이,Bitcoin SV,비트코인/PoW,20350.0,0.9424603199999999,730450255.866885,60.81669853188234,0.0022054371162372574,없음,30.243581663439176,38.527616429508605,12.627532917883295,18958.0,19172.0,20728.083333333332,강한 상승,NONE,200
KRW-WLFI,WLFI,월드리버티파이낸셜,World Liberty Financial,기타/신규·세부검토,74.6,0,701899569.1307777,33.17695835034776,0.38631068900386106,강세 다이버전스,16.050508132275034,20.159245031545133,22.11002852462679,78.45,84.43666666666667,91.315,약한 하락,NONE,200
KRW-VVV,VVV,베니스토큰,Venice Token,기타/신규·세부검토,17030.0,4.60687961,701385521.1386374,48.08352892458908,0.2409627118098461,강세 다이버전스,9.588330784512948,23.003145533357355,18.61532716453921,17437.5,18766.5,,약한 하락,NONE,91
KRW-AKT,AKT,아카시네트워크,Akash Network,인프라/오라클/데이터,702.0,0.28571429,699662989.010631,44.483502578525936,0.20194992882607038,강세 다이버전스,22.46239724867036,19.967816636184832,21.64186360100811,691.65,874.8,919.3916666666667,중립/횡보,NONE,200
KRW-MOODENG,MOODENG,무뎅,Moo Deng,기타/신규·세부검토,54.8,-0.54446461,666330608.3630227,52.74686194717386,0.30563006007671156,강세 다이버전스,14.029925102608667,33.28853812822444,16.542470671401524,52.295,57.294999999999995,68.23833333333333,중립/횡보,NONE,200
KRW-ELSA,ELSA,헤이엘사,HeyElsa,기타/신규·세부검토,83.0,3.10559006,658296837.3013631,64.83425375844627,0.6477390718936635,없음,30.650411781126504,25.13662100937647,11.244295220857047,73.66499999999999,71.83333333333333,85.03333333333333,강한 상승,NONE,200
KRW-ENS,ENS,이더리움네임서비스,Ethereum Name Service,기타/신규·세부검토,5935.0,-0.16820858,647620597.7642558,38.16382674713293,-0.350881326140183,없음,11.481118161131693,16.781963360306108,18.764269157702547,6172.5,6539.0,7743.75,약한 하락,NONE,200
KRW-INJ,INJ,인젝티브,Injective,DeFi/DEX,6280.0,3.97350993,646550064.1287802,37.58866980729305,-0.5827979299612098,없음,13.77216204765557,15.589769108410316,28.9660079843105,6912.0,7226.5,7003.608333333334,약한 하락,NONE,200
KRW-ZAMA,ZAMA,자마,Zama,기타/신규·세부검토,64.2,2.22929936,630206595.7703334,44.996252197137,0.5285973107222621,없음,37.02142415520365,22.90840976795607,15.877946784668946,74.65,58.33166666666667,,강한 상승,NONE,119
KRW-PROVE,PROVE,서싱트,Succinct,기타/신규·세부검토,221.0,-1.7777777799999999,601334629.1013458,27.37804403650196,0.13811017941957965,강세 다이버전스,19.881929843088137,30.397399205870872,26.876265101574106,246.65,280.7,317.475,약한 하락,NONE,200
KRW-DOOD,DOOD,두들즈,Doodles,기타/신규·세부검토,1.98,-1.0,587425156.6970472,48.846990016966814,-0.12486529141879155,없음,17.04577392326394,30.16180336636866,17.805719065612102,1.9535,2.142333333333333,3.1070833333333336,중립/횡보,NONE,200
KRW-SAND,SAND,샌드박스,The Sandbox,게임/메타버스/NFT,59.0,1.8998272900000002,574457745.901512,36.9539165796539,-0.26929400016296556,없음,29.470259847888848,11.177528657557135,22.001196751184672,61.614999999999995,70.43,88.61166666666666,강한 하락,NONE,200
KRW-KAT,KAT,카타나,Katana,기타/신규·세부검토,6.52,-1.80722892,560280500.7774874,44.754814825169106,0.06937383457575788,강세 다이버전스,10.724235501804358,24.134423744513363,15.482963848341333,6.526000000000001,7.355666666666666,10.3775,약한 하락,NONE,138
KRW-BORA,BORA,보라,BORA,게임/메타버스/NFT,27.7,0,550940539.2416686,33.35685019688371,0.42680917129299867,강세 다이버전스,22.531375464352948,27.677334773443768,19.349718402794817,30.119999999999997,34.625,42.684999999999995,약한 하락,NONE,200
KRW-TRUMP,TRUMP,오피셜트럼프,Official Trump,밈,2117.0,1.34035424,531565538.1576082,40.183168427938774,-0.3782502143345827,없음,13.923593870069718,18.481170596192257,20.393105162599838,2150.8,2445.9666666666667,2922.858333333333,약한 하락,NONE,200
KRW-HYPER,HYPER,하이퍼레인,Hyperlane,기타/신규·세부검토,90.0,0.11123470999999999,526385721.1102665,46.32154626806009,0.431539996162251,강세 다이버전스,28.742464253111887,30.518477464028326,14.817851780313818,89.21000000000001,104.02166666666668,127.28500000000001,강한 추세·혼조,NONE,200
KRW-ID,ID,스페이스아이디,SPACE ID,기타/신규·세부검토,40.2,0,522206525.3592563,41.42646042476415,-0.2546594417143142,없음,20.0045637017109,18.861711984123858,21.634217609065182,40.894999999999996,47.87833333333333,47.22083333333333,약한 하락,NONE,200
KRW-STORJ,STORJ,스토리지,Storj,기타/신규·세부검토,64.8,-0.1540832,517360573.6495708,16.15128098756867,-0.877887706020132,없음,33.2211379447599,14.756211307635926,24.47253473858441,79.3,101.73333333333333,125.575,강한 하락,NONE,200
KRW-POWR,POWR,파워렛저,Power ledger,기타/신규·세부검토,55.3,0.91240876,516425528.6519889,38.219655211268794,0.4819577250657168,강세 다이버전스,21.209323621856814,27.804379955955785,23.298835459510666,58.165,64.64,78.58500000000001,약한 하락,NONE,200
KRW-MEGA,MEGA,메가이더,MegaETH,기타/신규·세부검토,52.1,2.76134122,504907385.6545324,33.009084366417326,-0.3090327580363679,없음,25.902782888824017,13.240339184028942,21.759373300169937,55.1,68.74,,강한 하락,NONE,103
KRW-BERA,BERA,베라체인,Berachain,기타/신규·세부검토,218.0,1.39534884,498775388.9463522,32.301951391048846,-0.20675691759539266,없음,44.37021116485962,7.484898511275038,22.5090754533885,234.55,291.15,415.4916666666667,강한 하락,NONE,200
KRW-POL,POL,폴리곤에코시스템토큰,Polygon Ecosystem Token,L2/확장성,109.0,0.9259259299999999,479950560.4210045,49.496577860712385,-0.16142413525940563,없음,22.84771975750513,17.484377379277603,15.746081995589178,107.3,112.68333333333334,123.88333333333334,중립/횡보,NONE,200
KRW-WAVES,WAVES,웨이브,Waves,기타/신규·세부검토,287.0,-0.34722222,462120449.66580236,19.40166237496321,-0.6404236657394218,없음,31.178718263935167,11.157174686630517,27.668271480942188,320.35,375.4166666666667,471.46666666666664,강한 하락,NONE,200
KRW-CFG,CFG,센트리퓨즈,Centrifuge,기타/신규·세부검토,233.0,2.19298246,441976090.0557462,39.248840235661646,-0.3121326993122203,없음,21.67920417953277,12.01191009956016,22.194608581886676,248.35,283.28333333333336,326.19166666666666,약한 하락,NONE,166
KRW-CRO,CRO,크로노스,Cronos,결제/거래소/금융,66.3,-1.6320474799999998,441174635.3230277,17.27247893200493,-0.7894435200306928,없음,25.541702791826452,12.575002362977907,36.69211279814778,77.485,83.55666666666666,92.635,강한 하락,NONE,200
KRW-HOLO,HOLO,홀로월드에이아이,Holoworld AI,기타/신규·세부검토,96.4,2.66240682,439635529.2288601,48.29019117279596,0.40269866803616744,없음,29.788300527017732,25.51811268548997,12.04662939575785,97.72,100.42333333333333,100.67333333333333,강한 추세·혼조,NONE,200
KRW-ATH,ATH,에이셔,Aethir,인프라/오라클/데이터,5.77,2.85204991,437155794.48846245,43.273680521535624,-0.1847868051781354,없음,14.012220015042761,18.217352985745332,17.685205413053563,5.892,6.4479999999999995,7.626416666666667,약한 하락,NONE,200
KRW-CHZ,CHZ,칠리즈,Chiliz,게임/메타버스/NFT,18.6,1.08695652,436099541.7950594,32.71043908405258,-0.2804377606550907,없음,52.56240437260741,15.465320006781377,24.922884566991698,19.165,25.391666666666666,42.391666666666666,강한 하락,NONE,200
KRW-UP2,UP2,슈퍼폼,Superform,기타/신규·세부검토,81.9,-0.3649635,433518631.0203569,37.96445389325402,0.40600482422496864,강세 다이버전스,22.635980929359516,16.2093116444217,14.846234546649722,89.56,92.61166666666666,,약한 하락,NONE,90
KRW-SONIC,SONIC,소닉SVM,Sonic SVM,기타/신규·세부검토,27.0,-0.73529412,428976233.5236668,34.15788748563203,-0.45356952748721757,없음,40.512998762993796,14.064563059811949,26.224784503444972,28.345,34.54333333333333,44.42916666666667,강한 하락,NONE,200
KRW-VANA,VANA,바나,Vana,기타/신규·세부검토,1260.0,3.53327855,425615138.2707282,33.57180525472276,-0.10425181150410079,없음,24.945560011296244,20.421138570762594,22.727354578224134,1443.1,1633.2833333333333,1874.9166666666667,약한 하락,NONE,200
KRW-PYTH,PYTH,피스네트워크,Pyth Network,인프라/오라클/데이터,60.3,2.37691002,417671341.47902673,50.794729515339235,-0.10914242702156762,없음,20.099999002280907,21.8610144662765,17.900640178196706,59.44500000000001,60.61833333333333,63.42333333333333,중립/횡보,NONE,200
KRW-XAUT,XAUT,테더골드,Tether Gold,기타/신규·세부검토,6095000.0,0.32921811,402091577.72478,59.62226243093656,0.1628787847195811,없음,33.31649085188768,22.645249704177242,21.04655939960688,5926300.0,6078350.0,6434891.666666667,강한 상승,NONE,200
KRW-BIGTIME,BIGTIME,빅타임,Big Time,게임/메타버스/NFT,7.65,-1.9230769200000002,396595056.14654434,28.6351287333744,-0.548735225007692,없음,43.65076772550476,11.45930718579457,24.05566380363106,8.363,10.450166666666666,14.480916666666667,강한 하락,NONE,200
KRW-ZKP,ZKP,지케이패스,zkPass,기타/신규·세부검토,63.9,1.42857143,395749170.2766915,44.63299258473368,-0.25947541344548625,없음,16.02985088398072,16.03162311240761,15.577471816024483,65.455,71.86999999999999,90.7125,약한 하락,NONE,200
KRW-DOT,DOT,폴카닷,Polkadot,스마트컨트랙트 L1,1148.0,2.40856378,388242077.4250582,44.15719854020966,-0.3552348343260261,없음,19.846889280267465,20.758494193506518,28.631486472514432,1153.1,1268.4166666666667,1536.35,약한 하락,NONE,200
KRW-G,G,그래비티,Gravity,기타/신규·세부검토,5.13,1.58415842,384163515.9421394,54.99971513555594,0.24019829061409184,없음,50.61129789148339,25.076598170083116,8.865857699787593,4.924,4.845833333333333,5.0577499999999995,강한 상승,NONE,200
KRW-AZTEC,AZTEC,아즈텍,Aztec,기타/신규·세부검토,18.8,-1.05263158,380338036.1034004,38.05906226771646,-0.04518334416989746,없음,21.124651308407703,21.015898475781896,18.758970471721653,20.035,21.086666666666666,26.259999999999998,약한 하락,NONE,172
KRW-FIL,FIL,파일코인,Filecoin,인프라/오라클/데이터,986.0,0.10152284,380179072.34179986,39.56385791053583,-0.32671274469142564,없음,36.0038958684732,9.588563393459602,24.66458797643788,1024.05,1110.25,1260.8333333333333,강한 하락,NONE,200
KRW-MANTRA,MANTRA,만트라,MANTRA,기타/신규·세부검토,7.86,-1.7500000000000002,368279836.153593,40.60882015114493,0.16988926396891746,강세 다이버전스,30.398561453426574,28.395539016791314,12.631432868100783,8.246,9.7185,11.987583333333333,강한 추세·혼조,NONE,200
KRW-AGLD,AGLD,어드벤처골드,Adventure Gold,기타/신규·세부검토,229.0,-0.8658008700000001,365028818.0116552,54.22582709515593,0.1023082481913361,없음,18.324694123746102,23.09327774218857,10.397954238608335,216.8,236.08333333333334,298.2583333333333,중립/횡보,NONE,200
KRW-MET2,MET2,메테오라,Meteora,기타/신규·세부검토,224.0,-1.75438596,360730469.9710552,45.5731781970211,-0.11635428362919288,없음,14.948453560674684,15.644957173464396,14.893844315737523,238.05,229.56666666666666,222.65833333333333,중립/횡보,NONE,200
KRW-SOMI,SOMI,솜니아,Somnia,기타/신규·세부검토,127.0,-0.78125,359726764.3876769,41.32916092545229,0.07397434734839312,강세 다이버전스,20.62792459530447,26.535742671298273,16.791725411915557,129.05,147.6,195.425,약한 하락,NONE,200
KRW-OPG,OPG,오픈그라디언트,OpenGradient,기타/신규·세부검토,132.0,-2.22222222,357110779.9103633,35.24301771777918,0.01361922282881063,강세 다이버전스,10.815946250245139,17.818436016816467,19.847489713941414,138.45,,,중립/횡보,NONE,35
KRW-O,O,오원익스체인지,o1.exchange,기타/신규·세부검토,651.0,-1.95783133,353936931.4431798,31.809490562594718,,,,,,,,,중립/횡보,NONE,19
KRW-YGG,YGG,일드길드게임즈,Yield Guild Games,기타/신규·세부검토,28.2,0,351849797.95198184,51.71524742828843,0.4835890912409983,없음,16.912305899906737,35.319238802892684,16.191821696714445,26.314999999999998,31.808333333333334,44.19916666666666,중립/횡보,NONE,200
KRW-BARD,BARD,롬바드,Lombard,기타/신규·세부검토,158.0,0.63694268,348707362.76369566,38.27214472366218,0.22493948990138155,강세 다이버전스,10.626622874237798,18.670487885093866,20.54175784419975,166.45,194.06666666666666,282.14166666666665,약한 하락,NONE,200
KRW-FLOCK,FLOCK,플록,FLock.io,기타/신규·세부검토,41.9,1.94647202,347987940.30052924,42.22510919687056,-0.09113781957728721,없음,14.931435653933294,18.689532245209392,19.935125040269263,42.025,49.14,69.41916666666665,약한 하락,NONE,200
KRW-AI,AI,젠신,Gensyn,기타/신규·세부검토,30.7,0.32679738999999997,344102623.29853,29.307536514000176,0.2745711246835926,강세 다이버전스,8.826492630183221,16.09986487268583,20.133215257214303,33.019999999999996,,,중립/횡보,NONE,42
KRW-ZK,ZK,지케이싱크,ZKsync,L2/확장성,11.3,0.8928571399999999,332648897.07481825,32.40470866555019,-0.1114890229933046,없음,27.43960576648379,16.438216181843305,22.352995404370056,12.02,14.610000000000001,18.665000000000003,강한 하락,NONE,200
KRW-ANIME,ANIME,애니메코인,Animecoin,기타/신규·세부검토,3.63,-0.27472527,320279239.47303903,45.87628900921301,0.24037046207157528,강세 다이버전스,16.082365501681206,25.470027585404832,18.816628398348644,3.617,3.9883333333333337,5.2266666666666675,중립/횡보,NONE,200
KRW-ALT,ALT,알트레이어,Altlayer,기타/신규·세부검토,8.75,2.69953052,319187441.66431034,52.6516419858677,-0.18311188786825314,없음,18.079413468108296,30.378636188350814,12.889997174645043,8.4895,9.110000000000001,9.942666666666666,중립/횡보,NONE,200
KRW-ZRO,ZRO,레이어제로,LayerZero,인프라/오라클/데이터,1217.0,3.0482641800000003,317433019.0731789,54.26972710770212,0.2972586097137156,없음,13.100757141407625,25.970630212938993,16.26331237512842,1153.3,1274.7166666666667,1661.2583333333334,중립/횡보,NONE,200
KRW-JUP,JUP,주피터,Jupiter,DeFi/DEX,259.0,1.56862745,303007033.21116316,38.03984949868806,-0.35510655396746993,없음,21.460529474606812,12.773860420971923,21.957696518915988,270.5,299.28333333333336,290.85,약한 하락,NONE,200
KRW-ZORA,ZORA,조라,Zora,기타/신규·세부검토,7.43,-0.40214477,297950171.75266576,22.153062910783206,-0.2944959128768242,없음,8.953271701974662,23.86519863629838,19.35619297357938,8.251000000000001,10.049833333333334,13.95825,약한 하락,NONE,200
KRW-APT,APT,앱토스,Aptos,스마트컨트랙트 L1,836.0,1.0882708600000002,297914687.8458646,44.588189252460694,-0.23211913726091485,없음,29.48696981666637,15.91895827144281,21.226138531712078,843.6,905.1166666666667,1144.025,강한 하락,NONE,200
KRW-SIGN,SIGN,사인,Sign,기타/신규·세부검토,9.71,0.83073728,293567937.86820656,27.528479694418266,-0.36066115583352576,없음,28.705340782544955,17.75248003601178,24.856872912588795,10.488,12.196,17.223833333333335,강한 하락,NONE,200
KRW-B3,B3,비쓰리,B3,기타/신규·세부검토,0.627,-0.79113924,292356821.20874953,29.942713013183962,-0.5697497236962146,없음,17.3759316906303,21.88552507308575,18.38063639424068,0.67935,0.773,,약한 하락,NONE,96
KRW-CFX,CFX,콘플럭스,Conflux,기타/신규·세부검토,59.4,2.94627383,282875886.63203704,,,,,,,,,,중립/횡보,NONE,11
KRW-IN,IN,인피닛,Infinit,기타/신규·세부검토,47.0,0.64239829,281181730.0585847,31.337851615135335,0.03037421381551818,강세 다이버전스,21.87327113194112,18.544758056648497,26.447454156096054,50.935,82.14,95.41000000000001,약한 하락,NONE,200
KRW-A,A,볼타,Vaulta,기타/신규·세부검토,91.0,0.11001100000000001,280681201.92582506,42.31482858712202,-0.3011470763722251,없음,16.72100269986957,13.798865188873426,18.668118036375514,91.39500000000001,99.68666666666667,110.845,약한 하락,NONE,200
KRW-SPK,SPK,스파크,Spark,기타/신규·세부검토,20.7,0.97560976,268478818.7577525,25.407103947606174,-0.49417047784901924,없음,22.163804319238356,11.448037622231801,27.669473104995976,22.794999999999998,25.381666666666668,,약한 하락,NONE,110
KRW-ETHFI,ETHFI,이더파이,Ether.fi,DeFi/DEX,549.0,2.23463687,253442695.1349362,45.22687640608278,-0.026113889350040387,없음,15.364095484201679,18.719564045437338,19.59271591924887,577.05,570.15,583.9416666666667,중립/횡보,NONE,145
KRW-LAYER,LAYER,솔레이어,Solayer,기타/신규·세부검토,85.1,0.59101655,251988700.72023335,37.44665766455163,0.26601388236627305,강세 다이버전스,10.441859700616831,18.133171827488823,20.904765233250068,88.745,96.34833333333333,112.13833333333334,약한 하락,NONE,200
KRW-ZKC,ZKC,바운드리스,Boundless,기타/신규·세부검토,55.6,-0.8912656,249381186.19845617,42.90303314767761,0.12801513370767212,강세 다이버전스,15.937775533245658,26.14284937506539,16.228570281310507,56.455,64.63166666666667,83.53,약한 하락,NONE,200
KRW-TOKAMAK,TOKAMAK,토카막네트워크,Tokamak Network,기타/신규·세부검토,431.0,-1.8223234599999998,245737849.77689666,19.916256669682937,-0.4287352933988335,없음,21.809138552076544,15.722413803327305,29.659390209874786,478.05,521.2,627.5416666666666,약한 하락,NONE,200
KRW-PROS,PROS,파로스,Pharos,기타/신규·세부검토,562.0,-2.26086957,220032116.46985808,43.80233444491783,0.5124674397526356,없음,18.606309759491488,24.400387903656892,15.291824069771296,582.6,648.9333333333333,,약한 하락,NONE,95
KRW-ZIL,ZIL,질리카,Zilliqa,기타/신규·세부검토,3.09,-0.9615384600000001,213763227.0039506,27.546075197146763,0.14029714026068946,강세 다이버전스,25.443102297729236,26.07619447967595,12.070668368611983,3.2815,4.112666666666667,4.957333333333334,강한 추세·혼조,NONE,200
KRW-PENDLE,PENDLE,펜들,Pendle,DeFi/DEX,1920.0,0.36591741,212229371.07029065,37.42739049463807,-0.2947367329602395,없음,12.902090329806754,16.618302002548276,18.727877464573343,2063.5,2116.35,2211.4333333333334,약한 하락,NONE,200
KRW-TRUST,TRUST,인튜이션,Intuition,기타/신규·세부검토,73.9,0.13550136,209663071.14652047,51.539810144963,0.6021391365327212,없음,35.699897745955624,28.739890227241535,10.382566563374816,72.76,74.96000000000001,86.7075,강한 추세·혼조,NONE,200
KRW-MEW,MEW,캣인어독스월드,cat in a dogs world,밈,0.481,0.41753653,209226971.16771543,42.839279959709565,-0.16675292945803277,없음,11.388166390822008,22.757568219411127,22.500773961292765,0.48789999999999994,0.5305000000000001,0.6745083333333334,약한 하락,NONE,200
KRW-GEOD,GEOD,지오드넷,GEODNET,기타/신규·세부검토,250.0,-1.18577075,208708159.960218,23.83419689119171,,,,,,,,,중립/횡보,NONE,15
KRW-CELO,CELO,셀로,Celo,기타/신규·세부검토,91.5,3.2731377,204348421.87782606,47.37601320415307,-0.4635371692868859,없음,20.299891860586023,21.302473894434307,17.556270937558303,92.155,96.50333333333333,109.18666666666667,약한 하락,NONE,200
KRW-GAS,GAS,가스,GAS,스마트컨트랙트 L1,1328.0,0.6823351,202233056.48909166,35.91412732870404,-0.32106216900090145,없음,22.18124699366894,15.350586230033647,22.94532624446049,1377.75,1529.95,1913.325,약한 하락,NONE,200
KRW-TRAC,TRAC,오리진트레일,OriginTrail,인프라/오라클/데이터,389.0,-1.7676767699999998,192779408.00132093,43.84822419905069,-0.021162374038013274,없음,47.67149721980227,28.74702768391454,10.661679618474192,400.5,432.45,,강한 추세·혼조,NONE,85
KRW-NXPC,NXPC,넥스페이스,Nexpace,기타/신규·세부검토,320.0,-2.14067278,192673099.46609062,28.56094997225965,-0.11751745339786608,없음,35.61917412205723,11.268978885857727,31.745709691216906,355.25,400.1,448.5833333333333,강한 하락,NONE,200
KRW-KAVA,KAVA,카바,Kava,기타/신규·세부검토,57.8,-0.6872852199999999,191189303.1212492,31.96462843422161,-0.6703008422104051,없음,30.775571862097298,14.89907218137311,24.240050721477623,61.245000000000005,65.50666666666667,75.26333333333334,강한 하락,NONE,200
KRW-ONT,ONT,온톨로지,Ontology,기타/신규·세부검토,53.6,-1.10701107,186464834.62917072,31.839535891396466,-0.15131237658523844,없음,26.152665745647365,16.764092123697722,26.867069730395933,56.010000000000005,63.666666666666664,78.77250000000001,강한 하락,NONE,200
KRW-IO,IO,아이오넷,io.net,인프라/오라클/데이터,176.0,-1.67597765,181984993.44765234,35.064355477651645,0.1891858990240522,강세 다이버전스,38.600888703630005,13.501362197993279,25.988006470750403,191.95,234.46666666666667,,강한 하락,NONE,74
KRW-ARKM,ARKM,아캄,Arkham,기타/신규·세부검토,140.0,2.94117647,178465394.52507022,41.45250394397082,-0.08635467984799096,없음,17.316234536033964,18.108145816524832,19.976880043519657,142.2,165.36666666666667,177.175,약한 하락,NONE,200
KRW-EDGE,EDGE,디피니티브,Definitive,기타/신규·세부검토,86.7,0.11547344000000001,173983090.8760463,38.99050514633525,0.5377661792304488,강세 다이버전스,39.5650160293819,23.81503200563163,13.630594982026853,91.44500000000001,100.25666666666666,123.01333333333334,강한 추세·혼조,NONE,160
KRW-T,T,쓰레스홀드,Threshold,기타/신규·세부검토,5.05,-1.1741682999999998,171012741.7273221,46.45913569407455,-0.19054730915218226,없음,27.53126355307948,25.977280713312457,14.015165920745346,5.0275,5.424666666666667,6.806,강한 추세·혼조,NONE,200
KRW-TOSHI,TOSHI,토시,Toshi,기타/신규·세부검토,0.148,0,169819361.0664073,40.56314260667273,0.18185317518696756,강세 다이버전스,36.98339361098038,28.692519936388674,14.07581244297962,0.15089999999999998,0.16791666666666666,0.20863333333333334,강한 추세·혼조,NONE,200
KRW-TREE,TREE,트리하우스,Treehouse,기타/신규·세부검토,52.3,1.75097276,169808816.02299556,45.11105224559956,-0.27563736046083204,없음,12.912298178904374,21.21461049374261,15.071797121953312,52.395,60.37166666666667,77.7175,약한 하락,NONE,200
KRW-W,W,웜홀,Wormhole,기타/신규·세부검토,12.1,2.54237288,168446301.44963747,43.21413714779045,-0.2087849581795072,없음,30.265836721280188,9.784110444619012,19.17136438634944,12.25,13.923333333333334,16.299166666666668,강한 하락,NONE,200
KRW-BLUR,BLUR,블러,Blur,기타/신규·세부검토,19.6,1.5544041499999999,166033464.92913845,38.204031412812334,0.35889044424485006,강세 다이버전스,15.747235378030016,21.35828177242041,17.283557536135795,20.45,23.205,29.644166666666667,약한 하락,NONE,200
KRW-STRAX,STRAX,저트라,Xertra,기타/신규·세부검토,12.1,0,159712243.97527504,32.883130062705845,-0.5664006806550533,없음,25.634391564582987,20.003792015229443,15.06982859498889,12.620000000000001,14.083333333333334,16.354166666666668,강한 추세·혼조,NONE,200
KRW-BTT,BTT,비트토렌트,BitTorrent,기타/신규·세부검토,0.000372,0.5405405400000001,159319824.0108949,35.44005535993372,-0.38373119624412116,없음,21.994691419014156,14.934831105558791,20.155630440999417,0.00037935,0.0003941666666666667,0.0004309083333333333,약한 하락,NONE,200
KRW-ATOM,ATOM,코스모스,Cosmos,스마트컨트랙트 L1,1952.0,0.9829280899999999,157103978.22138137,42.38546384455317,-0.436760793373584,없음,39.44399356746446,19.696553857366265,27.65655660038409,1929.85,2296.1833333333334,2580.3,강한 하락,NONE,200
KRW-CTC,CTC,크레딧코인,Creditcoin,결제/거래소/금융,98.6,0.81799591,155898628.4330046,34.91301513486373,-0.20757750799229166,없음,19.48743360705339,18.27925871643853,23.33008201579031,104.095,120.74833333333332,162.69083333333336,약한 하락,NONE,200
KRW-OP,OP,옵티미즘,Optimism,L2/확장성,128.0,3.2258064500000003,154773323.5127515,44.39367173023086,-0.10003229762044497,없음,27.449749563264753,14.616364181171557,19.720702086809485,128.05,145.03333333333333,165.68333333333334,강한 하락,NONE,200
KRW-GRT,GRT,더그래프,The Graph,인프라/오라클/데이터,20.5,0.49019608,152482322.44326437,25.775723443194323,-0.6064920330055003,없음,54.216893277691106,5.336390800697215,23.77210176389814,21.65,25.56833333333333,31.276666666666664,강한 하락,NONE,200
KRW-SNT,SNT,스테이터스네트워크토큰,Status Network Token,기타/신규·세부검토,7.67,-0.13020833,151506469.4627262,18.097012828990728,0.04942449597063126,강세 다이버전스,18.862575539654355,17.112302626157593,31.450621890224202,8.939499999999999,10.288166666666665,12.237416666666666,약한 하락,NONE,200
KRW-ONG,ONG,온톨로지가스,ONG,기타/신규·세부검토,60.3,-0.49504950000000003,150487791.0954757,37.46137724280221,0.10001833169275276,강세 다이버전스,13.752666395795645,23.631941770305968,21.13004132570043,61.935,67.705,84.8275,약한 하락,NONE,200
KRW-DRV,DRV,디라이브,Derive,기타/신규·세부검토,134.0,-1.47058824,150456680.87062004,24.502508150373274,0.3421306212218069,강세 다이버전스,,,,150.1,,,중립/횡보,NONE,28
KRW-ZETA,ZETA,제타체인,ZetaChain,기타/신규·세부검토,41.8,1.21065375,150084390.2844789,35.08330301173926,-0.07517657632703256,없음,34.00173467709679,14.023310398616717,22.58469038074702,43.160000000000004,50.37,63.669999999999995,강한 하락,NONE,200
KRW-POKT,POKT,포켓네트워크,Pocket Network,기타/신규·세부검토,9.72,-1.7189079900000002,149292769.51270685,33.16446576970064,0.006785790452421579,강세 다이버전스,27.473202843595768,23.65354348239011,15.42380489141747,10.2355,11.436833333333334,14.007583333333335,강한 추세·혼조,NONE,200
KRW-ICP,ICP,인터넷컴퓨터,Internet Computer,스마트컨트랙트 L1,3123.0,2.42702525,147579648.2027963,52.08779357549771,-0.14049835366600957,없음,21.919647794732803,19.829414790359824,18.270814608123562,3044.2,3251.6666666666665,3580.608333333333,중립/횡보,NONE,153
KRW-SOPH,SOPH,소폰,Sophon,기타/신규·세부검토,5.6,-0.88495575,147170440.4031852,32.933914987090134,-0.7206191279204683,없음,25.592425078445736,15.53184685118583,24.74586953483756,5.869,6.959666666666666,9.433,강한 하락,NONE,200
KRW-WET,WET,휴미디파이,HumidiFi,기타/신규·세부검토,95.7,-0.51975052,146151822.45057517,48.083218514632975,0.48619125546297887,강세 다이버전스,22.905533440872254,21.50943035893422,11.467369951044379,96.3,95.51333333333334,112.92916666666666,중립/횡보,NONE,200
KRW-HIVE,HIVE,하이브,Hive,기타/신규·세부검토,58.6,0.17094017,140415574.33935243,25.939816868677795,-0.7382512366750975,없음,31.212174879731574,15.36752086338663,28.58174823482277,62.21,70.32166666666667,79.92666666666668,강한 하락,NONE,200
KRW-GMT,GMT,스테픈,Stepn,기타/신규·세부검토,9.72,0.8298755200000001,134106640.86530893,42.795660657026175,0.08911376575519364,강세 다이버전스,17.000560412569058,21.779076579922165,19.38461828208156,9.7295,10.9965,13.51575,약한 하락,NONE,200
KRW-ORCA,ORCA,오르카,Orca,기타/신규·세부검토,1507.0,1.7555705599999998,133511863.29006901,34.18138443878682,-0.13761902389079803,없음,21.74944679264984,20.78465399899338,24.192353186779354,1613.4,1730.0666666666666,1849.8083333333334,약한 하락,NONE,200
KRW-2Z,2Z,더블제로,DoubleZero,기타/신규·세부검토,77.5,-0.38560411,133118323.68180753,26.593626891528515,-0.5685875001919855,없음,29.91959131844547,12.555768227733042,21.45913409498074,82.34,96.14833333333333,113.99916666666667,강한 하락,NONE,200
KRW-RVN,RVN,레이븐코인,Ravencoin,비트코인/PoW,5.03,0.8016032100000001,132560914.9211507,37.2161946525408,-0.47362158257929593,없음,23.081214842001476,14.446538729307687,22.22370402758373,5.175,5.694999999999999,6.9535,약한 하락,NONE,200
KRW-AWE,AWE,에이더블유이,AWE Network,기타/신규·세부검토,82.3,0.36585366,130014444.11060543,49.26800235921551,-0.2361211902994846,없음,8.938691694531995,19.784244850914668,20.88528720303468,81.44,84.93,82.5425,중립/횡보,NONE,200
KRW-CKB,CKB,너보스,Nervos Network,스마트컨트랙트 L1,1.21,0,129778581.1153205,41.553572318708206,-0.17468692999952695,없음,14.685427990713505,21.78762416123753,17.04705111543969,1.2195,1.3788333333333334,1.7504166666666667,약한 하락,NONE,200
KRW-IOTA,IOTA,아이오타,IOTA,스마트컨트랙트 L1,48.7,-1.0162601599999999,129029421.66393165,43.17984803724369,-0.24559719065316432,없음,15.096651792012752,22.819072473646926,20.360621753255927,48.510000000000005,56.093333333333334,69.76416666666667,중립/횡보,NONE,200
KRW-TIA,TIA,셀레스티아,Celestia,기타/신규·세부검토,463.0,2.66075388,127753427.27149777,38.346259030168426,-0.2753882703144411,없음,30.146044997516405,10.625787149896388,22.821884421126537,478.25,538.8,554.0166666666667,강한 하락,NONE,200
KRW-AERO,AERO,에어로드롬파이낸스,Aerodrome Finance,기타/신규·세부검토,591.0,1.0256410299999998,127714676.08591227,41.10811768571938,-0.3444265216170969,없음,10.009512247096776,19.78335656491553,20.847949014633187,605.5,688.6833333333333,656.45,약한 하락,NONE,200
KRW-VET,VET,비체인,VeChain,스마트컨트랙트 L1,6.63,0.1510574,121975279.03772527,42.829937062963054,-0.10208880618537805,없음,13.352865694031182,19.372378423457747,19.678720494418158,6.7219999999999995,7.025,8.45625,약한 하락,NONE,200
KRW-BLAST,BLAST,블라스트,Blast,기타/신규·세부검토,0.358,1.7045454500000001,121778491.33905673,40.922254772626246,-0.28594229712665936,없음,26.039773265969966,25.41108733128627,14.337710774375026,0.36495,0.4141833333333333,0.5494166666666668,강한 추세·혼조,NONE,200
KRW-AXL,AXL,엑셀라,Axelar,기타/신규·세부검토,52.5,1.15606936,118846296.8947368,36.736916160420314,-0.14414843187904736,없음,22.04960560199464,14.781219042148656,21.269675357079176,54.45,60.94833333333334,74.05916666666667,약한 하락,NONE,200
KRW-WAXP,WAXP,왁스,WAX,게임/메타버스/NFT,5.61,1.44665461,118812810.1925492,49.08579578613372,0.5576770408937183,강세 다이버전스,22.194937231068227,30.238511938246056,15.533829209051584,5.524,6.004499999999999,7.685083333333334,중립/횡보,NONE,200
KRW-NEO,NEO,네오,NEO,스마트컨트랙트 L1,2572.0,0.07782101,115891978.99964353,34.38092040079508,-0.4608487776361618,없음,17.84525064028606,20.343253050535065,21.354011681207776,2710.6,2938.733333333333,3531.875,약한 하락,NONE,200
KRW-GAME2,GAME2,게임빌드,GameBuild,기타/신규·세부검토,1.07,-0.9259259299999999,115356248.83719476,29.179914684603915,0.5903828492568394,강세 다이버전스,23.64641900595927,33.531570182294004,16.331950502105023,1.176,1.2828333333333333,1.6034166666666667,약한 하락,NONE,200
KRW-BREV,BREV,브레비스,Brevis,기타/신규·세부검토,100.0,-0.99009901,112578779.50172327,41.94923271446396,0.3640840834859375,강세 다이버전스,12.029381285702922,20.605286275762584,16.622158484049866,102.405,111.65166666666667,140.47583333333333,약한 하락,NONE,200
KRW-THETA,THETA,쎄타토큰,Theta Token,인프라/오라클/데이터,199.0,1.01522843,110827567.82909338,54.29057961707328,-0.2042304492105459,없음,17.75073931929278,28.20332213082881,20.025010218930273,189.0,207.61666666666667,251.4,중립/횡보,NONE,200
KRW-MORPHO,MORPHO,모포,Morpho,기타/신규·세부검토,2743.0,1.9323671500000001,110219481.37921125,41.365093907466786,,,,,,,,,중립/횡보,NONE,17
KRW-ORBS,ORBS,오브스,Orbs,기타/신규·세부검토,7.7,0.39113429,109995641.6482586,36.37082438657142,0.2947829848528856,강세 다이버전스,29.06888354109008,26.007975342788583,14.07686622139881,8.0145,8.6475,10.38125,강한 추세·혼조,NONE,200
KRW-ARDR,ARDR,아더,Ardor,기타/신규·세부검토,25.2,1.20481928,109847602.26191644,27.33231743376112,-0.0010354183147408581,없음,13.313309792135797,19.026392848312415,15.663272781918927,26.46,33.355,46.1525,약한 하락,NONE,200
KRW-MOCA,MOCA,모카네트워크,Moca Network,기타/신규·세부검토,10.8,0,106856109.30176945,35.29317960456298,-0.04868087142204358,없음,22.176087020441646,16.10586489920703,23.27016828051877,11.39,12.748333333333333,15.9025,약한 하락,NONE,200
KRW-SAFE,SAFE,세이프,Safe,기타/신규·세부검토,130.0,-0.76335878,103807477.06363663,50.7781899848078,0.15542901875787865,없음,34.595396775460486,29.986922969979094,11.717534294875115,125.65,134.08333333333334,168.225,강한 추세·혼조,NONE,200
KRW-ARK,ARK,아크,Ark,기타/신규·세부검토,133.0,0,102990506.76585346,32.9937442833522,0.02122062421592924,강세 다이버전스,15.203304539632155,21.007182886274354,18.22996823157739,138.8,156.68333333333334,198.85,약한 하락,NONE,200
KRW-BAT,BAT,베이직어텐션토큰,Basic Attention Token,결제/거래소/금융,93.8,-0.74074074,102563152.10795252,25.35489296479068,-0.0025429069984515174,없음,34.80485540870418,17.502244204150198,25.02641114850735,99.72,118.42333333333333,134.96166666666667,강한 하락,NONE,200
KRW-LSK,LSK,리스크,Lisk,기타/신규·세부검토,107.0,0,102016956.6292757,40.859846101109234,0.053115855614242875,강세 다이버전스,24.199002540997405,16.004229551103368,18.77970083358942,109.15,124.16666666666667,151.7,약한 하락,NONE,200
KRW-WAL,WAL,월러스,Walrus,기타/신규·세부검토,35.4,-0.28169014,101628771.99496585,30.65411352842753,-0.4697005017437165,없음,24.027950503540662,13.813645359056693,22.942459063193894,37.86,45.16,71.37416666666667,약한 하락,NONE,200
KRW-NEWT,NEWT,뉴턴프로토콜,Newton Protocol,기타/신규·세부검토,55.4,0.36231884,98805818.75919521,30.34985615205106,-0.02231228518067544,없음,24.41634515197412,13.466814282037406,22.58155555538936,59.165,68.69666666666667,88.2875,약한 하락,NONE,200
KRW-MANA,MANA,디센트럴랜드,Decentraland,게임/메타버스/NFT,93.8,-0.21276595999999998,93305707.7573531,38.07097635968812,-0.1179690256494722,없음,17.378333144310478,12.057454961258864,17.648615637102683,96.24,100.87833333333333,115.06166666666667,약한 하락,NONE,200
KRW-CPOOL,CPOOL,클리어풀,Clearpool,기타/신규·세부검토,25.5,0.79051383,93154482.00111967,34.7769233116166,0.21297166487324087,강세 다이버전스,17.45997671967856,16.047609966071683,21.67587746532775,26.744999999999997,29.628333333333334,36.1875,약한 하락,NONE,200
KRW-ORDER,ORDER,오덜리,Orderly,기타/신규·세부검토,40.8,0.74074074,93023338.02652293,39.64837776131451,0.27646063205513816,강세 다이버전스,8.91604383486481,19.90031719565269,19.601605953142382,42.595,49.644999999999996,64.01583333333333,약한 하락,NONE,200
KRW-QTUM,QTUM,퀀텀,Qtum,비트코인/PoW,933.0,-0.32051282,92882286.85509054,39.330509110942195,-0.05293986736705035,없음,12.764163688618696,20.387801261044416,17.90951693473356,949.65,1019.1833333333333,1163.425,약한 하락,NONE,200
KRW-TAIKO,TAIKO,타이코,Taiko,L2/확장성,102.0,0,91260134.19301376,40.32862601166631,0.47283080569507785,강세 다이버전스,21.792708895264678,24.58564263195655,16.20703762538532,104.76500000000001,121.265,142.7241666666667,약한 하락,NONE,200
KRW-SKY,SKY,스카이프로토콜,Sky Protocol,기타/신규·세부검토,75.0,0.13351135,90374100.21668142,29.70345702364702,-0.5016902867065934,없음,24.048616908669086,11.351461085202342,26.58869537586809,81.46000000000001,84.24666666666667,96.48416666666667,약한 하락,NONE,133
KRW-MLK,MLK,밀크,MiL.k,기타/신규·세부검토,44.7,-0.22321429,88691757.91991585,35.67137413287075,0.21431739376328982,강세 다이버전스,40.370578196107665,31.459687964941217,13.218422368632663,46.08,50.833333333333336,61.85333333333333,강한 추세·혼조,NONE,200
KRW-KNC,KNC,카이버네트워크,Kyber Network,기타/신규·세부검토,147.0,-0.67567568,86922381.96545489,36.97107414107231,-0.19536163416941957,없음,18.587086496116264,19.733679017697284,21.05691500406071,151.55,163.2,186.56666666666666,약한 하락,NONE,200
KRW-POLYX,POLYX,폴리매쉬,Polymesh,기타/신규·세부검토,45.2,0.22172949000000003,86918880.52891205,29.329748940189546,0.3280313525983406,강세 다이버전스,15.668249919957022,18.963763883021066,20.848566526132455,48.045,53.24166666666667,63.5575,약한 하락,NONE,200
KRW-RAY,RAY,레이디움,Raydium,DeFi/DEX,902.0,1.5765765800000002,86853619.7584276,47.33094127652466,-0.545027552873753,없음,12.08364911710636,21.3311791406253,20.609025787507502,890.4,950.6666666666666,1009.5333333333333,중립/횡보,NONE,200
KRW-JST,JST,저스트,JUST,기타/신규·세부검토,142.0,0,84499873.33870323,43.51107661705126,0.1428407857045052,강세 다이버전스,17.875923349716896,12.979550306571573,24.66820066455317,147.8,138.88333333333333,132.24833333333333,중립/횡보,NONE,200
KRW-API3,API3,에이피아이쓰리,API3,인프라/오라클/데이터,277.0,1.8382352899999999,82398215.04523154,37.60139817409704,-0.43307562820200407,없음,15.249473337220012,18.980646416197292,23.41372895408742,288.25,332.3,409.6,약한 하락,NONE,200
KRW-LINEA,LINEA,리네아,Linea,L2/확장성,3.18,1.27388535,82140546.93628702,39.52831461666127,-0.36346355205454384,없음,13.540986230881275,19.062007921334978,22.20662169629887,3.2945,3.5391666666666666,4.246166666666666,약한 하락,NONE,200
KRW-STEEM,STEEM,스팀,Steem,기타/신규·세부검토,52.5,0.57471264,81508337.391859,39.575717384012734,0.4279261224111822,강세 다이버전스,16.556229971819974,25.219837794861732,21.556383221194004,53.629999999999995,59.30333333333333,70.36666666666666,약한 하락,NONE,200
KRW-SC,SC,시아코인,Siacoin,기타/신규·세부검토,0.712,-0.28011204,78494897.94918782,21.42388579588811,-0.44653874936594634,없음,24.4872951834841,17.910134184882786,27.82357921758567,0.75205,0.9050166666666667,1.1294250000000001,약한 하락,NONE,200
KRW-MINA,MINA,미나,Mina,스마트컨트랙트 L1,58.1,1.39616056,77848337.25798681,38.79637068870523,0.26222224432575497,강세 다이버전스,14.188095416582536,22.170310006213818,20.029439215432536,60.529999999999994,63.42166666666667,74.44666666666667,약한 하락,NONE,200
KRW-DKA,DKA,디카르고,dKargo,기타/신규·세부검토,4.68,0,77847751.60693046,25.65280336937346,-0.507894882309371,없음,18.94471173093346,16.973581785229126,15.44753554936491,4.9515,5.637666666666666,6.9807500000000005,약한 하락,NONE,200
KRW-COW,COW,카우프로토콜,CoW Protocol,기타/신규·세부검토,148.0,0,72007931.25822404,19.626089373682788,-0.5449240766254677,없음,46.50755882111134,7.396056052753371,33.90247513083417,169.05,202.81666666666666,230.53333333333333,강한 하락,NONE,200
KRW-F,F,신퓨처스,SynFutures,기타/신규·세부검토,4.09,0.24509804,71035965.8971677,36.05094893782222,-0.4700255912410459,없음,15.871372091347014,15.365727244755869,19.96294669489986,4.255,4.939166666666667,6.366833333333333,약한 하락,NONE,200
KRW-SUPER,SUPER,슈퍼버스,SuperVerse,기타/신규·세부검토,125.0,2.45901639,70515812.86338827,54.860710194481875,-0.18265831815056938,없음,14.143677544710755,25.781709435107143,13.846769907852906,120.7,129.38333333333333,151.91666666666666,중립/횡보,NONE,200
KRW-RED,RED,레드스톤,RedStone,기타/신규·세부검토,124.0,0,70502106.45083378,35.17073291170091,-0.10175232594944232,없음,16.022125136617653,20.46444717091281,22.457389691787633,130.85,144.53333333333333,168.58333333333334,약한 하락,NONE,200
KRW-MED,MED,메디블록,MediBloc,기타/신규·세부검토,1.82,0,69082510.28151101,26.626169887784172,-0.30603948641678697,없음,18.074534334907394,18.474792235183823,17.187822531183635,1.927,2.115666666666667,2.5869166666666668,약한 하락,NONE,200
KRW-FLUID,FLUID,플루이드,Fluid,기타/신규·세부검토,1695.0,-0.05896226,68980895.88400593,53.85507627006721,0.1738477261168308,없음,45.166982430647394,27.822394767829635,10.85640514706611,1677.4,1560.25,1932.1583333333333,강한 상승,NONE,200
KRW-XTZ,XTZ,테조스,Tezos,스마트컨트랙트 L1,281.0,-1.40350877,66602754.50914137,33.33590413418331,-0.5079953463424797,없음,17.736405804712753,20.46297703978515,20.23125414161328,299.7,329.35,418.475,약한 하락,NONE,200
KRW-SYRUP,SYRUP,메이플파이낸스,Maple Finance,기타/신규·세부검토,215.0,2.38095238,64788458.07186326,38.319399856729746,-0.5922574481508555,없음,19.547700059192938,16.044973579461605,20.296732875775678,232.35,234.65,271.9,약한 하락,NONE,200
KRW-HP,HP,히포프로토콜,Hippo Protocol,기타/신규·세부검토,9.55,-1.44478844,64567084.61040914,18.079420422809676,-0.8880242522541135,없음,21.905784599736382,20.458931805025177,28.077137880899752,11.137,13.540666666666668,17.78033333333333,약한 하락,NONE,200
KRW-WCT,WCT,월렛커넥트,WalletConnect,기타/신규·세부검토,52.6,1.7408123800000002,64129295.93765368,39.302475321778545,-0.4587844856520694,없음,32.13333150176602,13.962562995423639,22.54768460654419,53.625,62.17833333333333,75.44916666666667,강한 하락,NONE,200
KRW-MNT,MNT,맨틀,Mantle,L2/확장성,611.0,3.03541315,62496485.8801644,53.28652249433943,-0.12154034462522591,없음,28.200618117781765,24.912731893460005,20.075763276061043,585.35,660.5666666666667,802.2333333333333,강한 추세·혼조,NONE,200
KRW-MTL,MTL,메탈,Metal,기타/신규·세부검토,296.0,-0.67114094,60358924.67094315,38.810161036596604,-0.12769780987249646,없음,12.241509895917142,25.057157046256833,22.099170948029876,301.5,333.7,384.2,약한 하락,NONE,200
KRW-SPX,SPX,에스피엑스6900,SPX6900,기타/신규·세부검토,454.0,1.1135857500000002,59919746.79898198,39.76864463130714,0.21510421267968471,강세 다이버전스,8.913848463099473,17.304299645090932,16.96209331547861,473.8,,,중립/횡보,NONE,56
KRW-TFUEL,TFUEL,쎄타퓨엘,Theta Fuel,인프라/오라클/데이터,10.6,-0.9345794399999999,59635276.23410451,42.04129935921057,-0.24810112775931145,없음,22.240694959810856,15.135794459825917,20.17375393639258,10.815000000000001,11.596666666666666,13.8775,약한 하락,NONE,200
KRW-PUNDIX,PUNDIX,펀디엑스,Pundi X,결제/거래소/금융,110.0,-0.9009009,59402373.8831333,41.484186120725894,0.234673238586345,강세 다이버전스,14.448396506134397,20.622578123839023,18.799104622893353,111.5,125.08333333333333,167.3,약한 하락,NONE,200
KRW-ZRX,ZRX,제로엑스,0x Protocol,기타/신규·세부검토,116.0,0.8695652200000001,58235274.07463821,45.03235672685001,0.06015089401559023,강세 다이버전스,34.78396817516166,10.985181106164799,18.030798734102426,116.6,124.33333333333333,141.56666666666666,강한 하락,NONE,200
KRW-CVC,CVC,시빅,Civic,기타/신규·세부검토,26.5,-0.37593984999999996,57146287.59998129,43.386464785465115,-0.5764298938669983,없음,15.624341546294488,25.358538823834227,15.466378161760357,26.705000000000002,29.886666666666667,36.892500000000005,약한 하락,NONE,200
KRW-BEAM,BEAM,빔,Beam,게임/메타버스/NFT,1.96,1.5544041499999999,56751727.54791722,38.7475701832219,0.3312181581461605,강세 다이버전스,18.03111222424142,14.898254926537042,23.593313478942452,2.1085000000000003,2.1783333333333332,2.4506666666666663,약한 하락,NONE,200
KRW-EGLD,EGLD,멀티버스엑스,MultiversX,스마트컨트랙트 L1,3799.0,1.33368898,55218955.97537309,38.55735704405811,-0.28870650019313926,없음,17.277589047259344,18.5547518131496,23.135105334616053,3981.1,4195.233333333334,5014.208333333333,약한 하락,NONE,200
KRW-MVL,MVL,엠블,MVL,기타/신규·세부검토,1.07,0,55072242.42506861,20.224133007396432,-0.05254614063536951,없음,40.79441954223932,35.85083803504709,14.349898537832923,1.1605,1.3168333333333335,1.5891666666666666,강한 추세·혼조,NONE,200
KRW-ANKR,ANKR,앵커,Ankr,인프라/오라클/데이터,5.07,-1.5533980600000001,52605150.28838864,50.65862323920331,-0.1436973196428233,없음,18.70445674655925,23.974454708751672,13.145041170438585,4.962,5.294,6.175583333333334,중립/횡보,NONE,200
KRW-CYBER,CYBER,사이버,Cyber,기타/신규·세부검토,446.0,0.6772009,48042281.7614288,42.22955698882122,-0.01867368307141003,없음,16.12863682917024,22.363477915762676,19.93165679467478,448.5,500.4,616.7083333333334,약한 하락,NONE,200
KRW-ASTR,ASTR,아스타,Astar,기타/신규·세부검토,6.88,0,47724668.89997123,36.43177187527628,-0.3762172146668362,없음,20.858337597564194,15.624428003127043,21.777009496490553,7.0595,7.6241666666666665,9.616999999999999,약한 하락,NONE,200
KRW-GLM,GLM,골렘,Golem,기타/신규·세부검토,131.0,0.76923077,46426662.1671217,39.49078175565632,0.15861990505796847,강세 다이버전스,16.818772288443547,17.5885521791776,22.889800158394515,136.25,147.8,172.96666666666667,약한 하락,NONE,200
KRW-IMX,IMX,이뮤터블엑스,Immutable X,L2/확장성,157.0,1.29032258,46054513.91808577,36.7794891903706,-0.3590766203412905,없음,44.581274698278435,7.407611524599326,23.932659715465284,164.9,188.41666666666666,217.21666666666667,강한 하락,NONE,200
KRW-HUNT,HUNT,헌트,HUNT,기타/신규·세부검토,112.0,0.9009009,45910708.65781767,43.221160316998095,-0.011757028719376046,없음,28.646778331208736,19.993364340115797,11.899979254531313,113.6,119.93333333333334,133.23333333333332,강한 추세·혼조,NONE,200
KRW-1INCH,1INCH,1인치네트워크,1inch Network,DeFi/DEX,118.0,0,42411107.78429086,53.47899204663598,0.04964573434907591,강세 다이버전스,18.092823383358905,19.015552632263315,13.212813650323437,119.35,112.08333333333333,123.25,중립/횡보,NONE,200
KRW-LPT,LPT,라이브피어,Livepeer,인프라/오라클/데이터,1769.0,-0.05649718,41937315.21215785,31.220966444074946,0.5027799898775401,강세 다이버전스,14.701778971971345,19.588471395422285,24.737949660761238,1904.45,2251.366666666667,2685.508333333333,약한 하락,NONE,200
KRW-SUN,SUN,썬,SUN,기타/신규·세부검토,25.7,1.58102767,39678525.82159007,45.47038250425414,-0.32535505101316575,없음,20.794140853858494,18.306769941266843,22.533153246919667,25.905,26.136666666666667,27.095000000000002,약한 하락,NONE,200
KRW-MASK,MASK,마스크네트워크,Mask Network,기타/신규·세부검토,517.0,0.19379845,37060988.30666176,42.790044316594894,-0.25007304688598414,없음,25.550709507567536,18.620930427526027,22.04376963248861,518.5,565.8166666666667,628.0666666666667,강한 하락,NONE,200
KRW-AHT,AHT,아하토큰,AhaToken,기타/신규·세부검토,1.29,-1.52671756,36710870.265776,22.376804429111885,0.013251542602275516,강세 다이버전스,22.169727131964446,19.24426746007183,22.851696167142734,1.3969999999999998,1.4733333333333334,1.8196666666666665,약한 하락,NONE,200
KRW-COMP,COMP,컴파운드,Compound,DeFi/DEX,23530.0,1.16079106,34937718.8595079,41.961449448137216,-0.46626277762878865,없음,14.85463324490436,22.074480648837028,22.77465535810731,24009.0,24954.666666666668,28324.666666666668,약한 하락,NONE,200
KRW-META,META,메타디움,Metadium,기타/신규·세부검토,9.49,-0.62827225,33326930.30024039,29.39312539315874,-0.34814706627741326,없음,19.797564571762052,20.389243205936662,19.370017105940498,10.376999999999999,11.325666666666667,12.702833333333333,약한 하락,NONE,200
KRW-AUCTION,AUCTION,바운스토큰,Bounce,기타/신규·세부검토,4240.0,0.56925996,33052424.96701918,36.10569201580438,-0.40020424280260203,없음,48.079651153977466,9.41915671845189,27.95132705068472,4349.75,4892.766666666666,5883.55,강한 하락,NONE,200
KRW-QKC,QKC,쿼크체인,QuarkChain,기타/신규·세부검토,2.78,-0.7142857100000001,32747440.64998994,41.54432042105841,0.29247272865110696,강세 다이버전스,31.108550934649674,20.140671037881393,13.106715062933826,2.8045,3.018333333333333,3.7215,강한 추세·혼조,NONE,200
KRW-BOUNTY,BOUNTY,체인바운티,Chainbounty,기타/신규·세부검토,18.8,0,32023609.98737045,33.63066402625962,-0.4398665570681008,없음,21.321529310213357,14.868012591175386,19.574624475600917,19.5,21.290000000000003,25.288333333333334,약한 하락,NONE,200
KRW-CBK,CBK,코박토큰,Cobak Token,기타/신규·세부검토,235.0,-0.84388186,31270696.04282166,35.05664614150321,-0.29562569426535357,없음,36.27096146088765,32.00578455810225,13.605207285904676,241.1,264.6333333333333,313.43333333333334,강한 추세·혼조,NONE,200
KRW-ELF,ELF,엘프,aelf,기타/신규·세부검토,82.5,0,29778367.05961367,28.016746182052074,-0.40354949545226226,없음,31.699856885314855,18.3597951591355,18.569184889663152,86.10499999999999,90.78666666666666,101.65333333333334,강한 하락,NONE,200
KRW-WIF,WIF,도그위프햇,dogwifhat,밈,203.0,0.49504950000000003,29384839.37576886,41.871579651185975,-0.17048017822993453,없음,15.900028291430925,17.596277301958203,22.16570395641239,206.65,229.98333333333332,,약한 하락,NONE,97
KRW-RLUSD,RLUSD,리플유에스디,Ripple USD,기타/신규·세부검토,1410.0,0.64239829,28734471.68376548,,,,,,,,,,중립/횡보,NONE,14
KRW-SENT,SENT,센티언트,Sentient,기타/신규·세부검토,19.1,1.5957446800000001,27416499.01065185,47.62566213860368,-0.057392608047611565,없음,19.73224731784158,19.604224798589808,15.730273019994856,18.93,20.69,22.390833333333333,중립/횡보,NONE,194
KRW-ICX,ICX,아이콘,Icon,기타/신규·세부검토,32.5,-0.30674847,27352884.45175667,46.87126718032468,0.617420831433663,강세 다이버전스,17.564250578169528,29.469793589669045,18.87532036690368,31.830000000000002,36.18333333333333,45.24666666666667,중립/횡보,NONE,200
KRW-IQ,IQ,아이큐,IQ.wiki,기타/신규·세부검토,0.919,-0.54112554,25271746.8259351,26.56861394941825,-0.39590089159570896,없음,18.37750552635062,17.517252185056673,22.36584468464732,0.9733499999999999,1.0946166666666668,1.3283083333333332,약한 하락,NONE,200
KRW-FCT2,FCT2,피르마체인,FirmaChain,기타/신규·세부검토,9.48,0,23309317.80876269,21.890331697222635,-0.5183346608752961,없음,30.18349086901225,10.64929416324572,24.111789251766695,10.1685,11.311166666666667,14.473916666666668,강한 하락,NONE,200
KRW-MBL,MBL,무비블록,MovieBloc,기타/신규·세부검토,0.877,-0.9039548,23174546.50232781,22.992291916920266,-0.7615393674496879,없음,19.31248318167904,30.73099917679132,19.841799604020117,0.9502499999999999,1.0161666666666667,1.1809166666666668,약한 하락,NONE,200
KRW-XCN,XCN,오닉스코인,Onyxcoin,기타/신규·세부검토,4.3,-0.23201855999999998,22905196.01330417,29.33983087945117,-0.06949758100868851,없음,21.04080772814239,23.59104597183126,18.86118515016145,4.6695,5.399666666666667,,약한 하락,NONE,106
KRW-USD1,USD1,월드리버티파이낸셜유에스디,World Liberty Financial USD,기타/신규·세부검토,1412.0,0.64148254,21942261.69345562,34.39062476277094,-0.484804674750011,없음,52.78496862183996,7.5307718891980455,31.778114882457988,1434.85,1478.5333333333333,1482.3083333333334,강한 하락,NONE,200
KRW-MOC,MOC,모스코인,Moss Coin,기타/신규·세부검토,24.1,-0.41322314000000004,21803871.36251448,31.291978212894804,-0.32960076546066464,없음,29.764573324757617,23.052556054229637,16.286213361255182,25.02,26.69,32.895,강한 추세·혼조,NONE,200
KRW-VTHO,VTHO,비토르토큰,VeThor Token,기타/신규·세부검토,0.483,0.20746888000000002,19342022.46385919,39.50522395735429,-0.38025643314181046,없음,12.467505437565917,23.986954687539303,21.171012523413612,0.4902,0.5391166666666667,0.666025,약한 하락,NONE,200
KRW-USDE,USDE,유에스디이,Ethena USDe,기타/신규·세부검토,1411.0,0.6419400900000001,13235082.17936568,34.53246015517564,-0.3918815777071572,없음,24.284854761550942,10.982348274801364,26.492118532585586,1435.95,1477.6833333333334,1481.525,약한 하락,NONE,200
KRW-USDG,USDG,글로벌달러,Global Dollar,기타/신규·세부검토,1407.0,0.28510335,4437415.3198621,,,,,,,,,,중립/횡보,NONE,12
KRW-USDS,USDS,유에스디에스,USDS,기타/신규·세부검토,1402.0,-0.14245014,1554472.85468497,28.403212690254023,-0.4879983109686658,없음,39.1479571772022,7.856346854435091,26.452382125532736,1434.5,1478.6166666666666,1481.725,강한 하락,NONE,133
